{"farPlane": 343.811, "nearPlane": 8.4705, "upVector": [-0.0396839, 0.16059, 0.986223], "targetPosition": [ 311.607,253.152,-120.705], "eyePosition": [280.347, 417.284, -148.689]}