{"farPlane": 7209.1, "nearPlane": 1272.9, "upVector": [0.194345, 0.373433, 0.907071], "targetPosition": [ 13.7433, -105.274, 1.98629], "eyePosition": [1997.67, 1695.23, -1164.33]}