{
   "GlyphGeometriesURL" : "right_fibula_7.json",
   "axis1" : {
      "0" : [ 0.001404909999109805, 0.9964706897735596, -0.08392973989248276 ],
      "1" : [ 0.001396514708176255, 0.9886460900306702, -0.1502561569213867 ],
      "10" : [ 0.001229695160873234, 0.5297790765762329, -0.8481348156929016 ],
      "11" : [ 0.001256743096746504, 0.5345394611358643, -0.8451426029205322 ],
      "12" : [ 0.001256661606021225, 0.5453547239303589, -0.8382043838500977 ],
      "13" : [ 0.001231585280038416, 0.5654481053352356, -0.8247829675674438 ],
      "14" : [ 0.001305707148276269, 0.6153988838195801, -0.7882147431373596 ],
      "15" : [ 0.001177563448436558, 0.70278000831604, -0.7114062309265137 ],
      "16" : [ 0.001350042410194874, 0.7885177135467529, -0.6150105595588684 ],
      "17" : [ 0.001230740104801953, 0.8721486926078796, -0.489239364862442 ],
      "18" : [ 0.001406306284479797, 0.9458770751953125, -0.3245220184326172 ],
      "19" : [ 0.001274600042961538, 0.9913883209228516, -0.1309487074613571 ],
      "2" : [ 0.001387033378705382, 0.9736821055412292, -0.2279061377048492 ],
      "3" : [ 0.001358323846943676, 0.9463909268379211, -0.323020726442337 ],
      "4" : [ 0.001368745812214911, 0.9042530059814453, -0.4269948601722717 ],
      "5" : [ 0.001416277256794274, 0.8515383005142212, -0.5242905020713806 ],
      "6" : [ 0.001319989445619285, 0.7885805368423462, -0.6149300932884216 ],
      "7" : [ 0.001283186371438205, 0.7079765796661377, -0.7062347531318665 ],
      "8" : [ 0.001211447757668793, 0.6197275519371033, -0.7848160862922668 ],
      "9" : [ 0.001278706127777696, 0.5573967695236206, -0.8302452564239502 ]
   },
   "axis2" : {
      "0" : [ -0, 0.08392982184886932, 0.996471643447876 ],
      "1" : [ -0, 0.1502562910318375, 0.9886471033096313 ],
      "10" : [ -0, 0.8481354117393494, 0.5297794342041016 ],
      "11" : [ -0, 0.8451432585716248, 0.5345398783683777 ],
      "12" : [ -0, 0.8382050395011902, 0.5453552007675171 ],
      "13" : [ -0, 0.8247836232185364, 0.565448522567749 ],
      "14" : [ -0, 0.7882153987884521, 0.6153994202613831 ],
      "15" : [ -0, 0.7114067673683167, 0.7027804851531982 ],
      "16" : [ -0, 0.6150111556053162, 0.7885184288024902 ],
      "17" : [ -0, 0.4892397522926331, 0.8721493482589722 ],
      "18" : [ -0, 0.3245223164558411, 0.9458780288696289 ],
      "19" : [ -0, 0.1309488117694855, 0.9913891553878784 ],
      "2" : [ -0, 0.2279063612222672, 0.9736830592155457 ],
      "3" : [ -0, 0.3230210244655609, 0.946391761302948 ],
      "4" : [ -0, 0.4269952774047852, 0.9042538404464722 ],
      "5" : [ -0, 0.5242910385131836, 0.851539134979248 ],
      "6" : [ -0, 0.6149306297302246, 0.7885811924934387 ],
      "7" : [ -0, 0.7062352895736694, 0.7079771757125854 ],
      "8" : [ -0, 0.7848166823387146, 0.6197279691696167 ],
      "9" : [ -0, 0.8302459716796875, 0.5573972463607788 ]
   },
   "axis3" : {
      "0" : [ 0.9999989867210388, -0.001399953034706414, 0.0001179138489533216 ],
      "1" : [ 0.9999990463256836, -0.001380660105496645, 0.0002098351251333952 ],
      "10" : [ 0.9999992251396179, -0.0006514672422781587, 0.001042948104441166 ],
      "11" : [ 0.9999992251396179, -0.0006717792712152004, 0.001062127994373441 ],
      "12" : [ 0.9999992251396179, -0.0006853269296698272, 0.001053340150974691 ],
      "13" : [ 0.9999992251396179, -0.0006963980849832296, 0.00101579143665731 ],
      "14" : [ 0.9999991655349731, -0.0008035314385779202, 0.001029178500175476 ],
      "15" : [ 0.9999992847442627, -0.000827568641398102, 0.0008377265767194331 ],
      "16" : [ 0.9999991059303284, -0.001064533367753029, 0.0008302911301143467 ],
      "17" : [ 0.9999992251396179, -0.001073389197699726, 0.0006021269946359098 ],
      "18" : [ 0.9999989867210388, -0.001330194179899991, 0.0004563777765724808 ],
      "19" : [ 0.9999991655349731, -0.001263624639250338, 0.0001669073681114241 ],
      "2" : [ 0.9999990463256836, -0.00135053088888526, 0.0003161137283314019 ],
      "3" : [ 0.9999991059303284, -0.001285506528802216, 0.0004387671651784331 ],
      "4" : [ 0.9999990463256836, -0.001237693708389997, 0.0005844479892402887 ],
      "5" : [ 0.9999989867210388, -0.001206015585921705, 0.000742541451472789 ],
      "6" : [ 0.9999991059303284, -0.001040918868966401, 0.0008117018733173609 ],
      "7" : [ 0.9999991655349731, -0.0009084666962735355, 0.0009062315220944583 ],
      "8" : [ 0.9999992847442627, -0.0007507680566050112, 0.0009507643990218639 ],
      "9" : [ 0.9999991655349731, -0.0007127472781576216, 0.001061640563420951 ]
   },
   "metadata" : {
      "MorphColours" : false,
      "MorphVertices" : true,
      "base_size" : [ 1, 1, 1 ],
      "number_of_time_steps" : 20,
      "number_of_vertices" : 1,
      "offset" : [ 0, 0, 0 ],
      "repeat_mode" : "NONE",
      "scale_factors" : [ 150, 20, 20 ]
   },
   "positions" : {
      "0" : [ -8, -32.75849914550781, -389.0650024414063 ],
      "1" : [ -8, -58.68534088134766, -386.2076416015625 ],
      "10" : [ -8, -334.9534301757813, -209.236572265625 ],
      "11" : [ -8, -334.0489501953125, -211.2923736572266 ],
      "12" : [ -8, -330.6744689941406, -215.1563110351563 ],
      "13" : [ -8, -324.3960571289063, -222.4060516357422 ],
      "14" : [ -8, -308.9821166992188, -241.2449951171875 ],
      "15" : [ -8, -278.2615661621094, -274.8941955566406 ],
      "16" : [ -8, -239.6957855224609, -307.3260498046875 ],
      "17" : [ -8, -190.0884246826172, -338.8760375976563 ],
      "18" : [ -8, -125.9668426513672, -367.1873779296875 ],
      "19" : [ -8, -50.90299987792969, -385.4549865722656 ],
      "2" : [ -8, -89.03471374511719, -380.4313049316406 ],
      "3" : [ -8, -126.1984176635742, -369.7694702148438 ],
      "4" : [ -8, -166.8957824707031, -353.4615783691406 ],
      "5" : [ -8, -205.0584259033203, -333.067626953125 ],
      "6" : [ -8, -240.8371124267578, -308.8568420410156 ],
      "7" : [ -8, -277.2252502441406, -277.9131469726563 ],
      "8" : [ -8, -308.7850036621094, -243.8405303955078 ],
      "9" : [ -8, -327.2642211914063, -219.7223663330078 ]
   },
   "scale" : {
      "0" : [ 1, 1, 1 ],
      "1" : [ 0.9999661445617676, 0.9999661445617676, 0.9999661445617676 ],
      "10" : [ 0.9999953508377075, 0.9999953508377075, 0.9999953508377075 ],
      "11" : [ 0.9999933242797852, 0.9999933242797852, 0.9999933242797852 ],
      "12" : [ 1, 1, 1 ],
      "13" : [ 0.999962329864502, 0.999962329864502, 0.999962329864502 ],
      "14" : [ 0.9998606443405151, 0.9998606443405151, 0.9998606443405151 ],
      "15" : [ 0.9997029900550842, 0.9997029900550842, 0.9997029900550842 ],
      "16" : [ 0.9997237324714661, 0.9997237324714661, 0.9997237324714661 ],
      "17" : [ 0.999707818031311, 0.999707818031311, 0.999707818031311 ],
      "18" : [ 0.9997889399528503, 0.9997889399528503, 0.9997889399528503 ],
      "19" : [ 1, 1, 1 ],
      "2" : [ 0.9999049305915833, 0.9999049305915833, 0.9999049305915833 ],
      "3" : [ 0.9998123049736023, 0.9998123049736023, 0.9998123049736023 ],
      "4" : [ 0.9997377395629883, 0.9997377395629883, 0.9997377395629883 ],
      "5" : [ 0.9997451305389404, 0.9997451305389404, 0.9997451305389404 ],
      "6" : [ 0.9996316432952881, 0.9996316432952881, 0.9996316432952881 ],
      "7" : [ 0.9995840191841125, 0.9995840191841125, 0.9995840191841125 ],
      "8" : [ 0.9996768832206726, 0.9996768832206726, 0.9996768832206726 ],
      "9" : [ 0.9999231696128845, 0.9999231696128845, 0.9999231696128845 ]
   }
}
