{
   "GlyphGeometriesURL" : "right_fibula_3.json",
   "axis1" : {
      "0" : [ 0.02048531919717789, 0.08388353139162064, 0.9962649941444397 ],
      "1" : [ 0.02047487162053585, 0.1501965373754501, 0.9884441494941711 ],
      "10" : [ 0.02025233767926693, 0.8479483127593994, 0.5296919345855713 ],
      "11" : [ 0.02023551985621452, 0.844956636428833, 0.5344519019126892 ],
      "12" : [ 0.02027417905628681, 0.8380188941955566, 0.5452644228935242 ],
      "13" : [ 0.02033569477498531, 0.8245989084243774, 0.565352201461792 ],
      "14" : [ 0.02040358632802963, 0.7880349159240723, 0.6152923107147217 ],
      "15" : [ 0.02044836804270744, 0.7112410664558411, 0.7026506662368774 ],
      "16" : [ 0.02052177116274834, 0.6148597598075867, 0.7883694171905518 ],
      "17" : [ 0.02058503776788712, 0.4891140162944794, 0.871976912021637 ],
      "18" : [ 0.02060390636324883, 0.3244260549545288, 0.9456866383552551 ],
      "19" : [ 0.02057169005274773, 0.1308951079845428, 0.9911827445030212 ],
      "2" : [ 0.02047119662165642, 0.2278309464454651, 0.9734854698181152 ],
      "3" : [ 0.02047117240726948, 0.3229270279407501, 0.9462024569511414 ],
      "4" : [ 0.02046221122145653, 0.4268805682659149, 0.9040764570236206 ],
      "5" : [ 0.02044925652444363, 0.5241567492485046, 0.8513762354850769 ],
      "6" : [ 0.02042178809642792, 0.6147811412811279, 0.788433313369751 ],
      "7" : [ 0.02037573419511318, 0.7060701847076416, 0.7078486084938049 ],
      "8" : [ 0.02032851800322533, 0.7846392393112183, 0.6196192502975464 ],
      "9" : [ 0.02029099874198437, 0.8300605416297913, 0.5573040246963501 ]
   },
   "axis2" : {
      "0" : [ 0, -0.9964740872383118, 0.08390113711357117 ],
      "1" : [ 0, -0.9886513948440552, 0.1502280235290527 ],
      "10" : [ 0, -0.5298005938529968, 0.848122239112854 ],
      "11" : [ 0, -0.5345613956451416, 0.845129668712616 ],
      "12" : [ 0, -0.5453765392303467, 0.8381911516189575 ],
      "13" : [ 0, -0.5654691457748413, 0.8247694373130798 ],
      "14" : [ 0, -0.615420401096344, 0.7881990075111389 ],
      "15" : [ 0, -0.7027976512908936, 0.7113898396492004 ],
      "16" : [ 0, -0.788535475730896, 0.6149892807006836 ],
      "17" : [ 0, -0.8721617460250854, 0.4892176687717438 ],
      "18" : [ 0, -0.9458874464035034, 0.3244949281215668 ],
      "19" : [ 0, -0.9913925528526306, 0.1309228092432022 ],
      "2" : [ 0, -0.9736895561218262, 0.2278787046670914 ],
      "3" : [ 0, -0.9464007616043091, 0.3229947090148926 ],
      "4" : [ 0, -0.904265820980072, 0.4269699454307556 ],
      "5" : [ 0, -0.8515543341636658, 0.5242663621902466 ],
      "6" : [ 0, -0.7885977625846863, 0.6149093508720398 ],
      "7" : [ 0, -0.707995593547821, 0.7062168121337891 ],
      "8" : [ 0, -0.6197472810745239, 0.7848014235496521 ],
      "9" : [ 0, -0.5574187636375427, 0.8302314877510071 ]
   },
   "axis3" : {
      "0" : [ 0.9997901320457458, -0.001718741608783603, -0.02041308954358101 ],
      "1" : [ 0.999790370464325, -0.003075899323448539, -0.02024250850081444 ],
      "10" : [ 0.9997949004173279, -0.01717645861208439, -0.01072970032691956 ],
      "11" : [ 0.9997952580451965, -0.01710163801908493, -0.01081712730228901 ],
      "12" : [ 0.9997944831848145, -0.01699363812804222, -0.01105706114321947 ],
      "13" : [ 0.9997932314872742, -0.01677225902676582, -0.01149920839816332 ],
      "14" : [ 0.9997918009757996, -0.01608208753168583, -0.0125567838549614 ],
      "15" : [ 0.9997909069061279, -0.01454676128923893, -0.01437106449157 ],
      "16" : [ 0.9997894167900085, -0.01262066978961229, -0.01618214510381222 ],
      "17" : [ 0.9997881054878235, -0.01007056329399347, -0.01795348152518272 ],
      "18" : [ 0.9997876882553101, -0.006685863249003887, -0.0194889772683382 ],
      "19" : [ 0.9997884035110474, -0.002693303627893329, -0.02039461955428123 ],
      "2" : [ 0.9997904300689697, -0.00466495007276535, -0.0199325904250145 ],
      "3" : [ 0.9997904300689697, -0.006612080615013838, -0.0193739328533411 ],
      "4" : [ 0.9997906088829041, -0.008736749179661274, -0.01850327663123608 ],
      "5" : [ 0.9997909069061279, -0.01072085741907358, -0.01741365343332291 ],
      "6" : [ 0.9997914433479309, -0.01255754940211773, -0.01610457710921764 ],
      "7" : [ 0.9997923970222473, -0.01438968628644943, -0.01442593056708574 ],
      "8" : [ 0.9997933506965637, -0.01595385000109673, -0.01259854435920715 ],
      "9" : [ 0.9997941255569458, -0.01684622652828693, -0.01131058298051357 ]
   },
   "metadata" : {
      "MorphColours" : false,
      "MorphVertices" : true,
      "base_size" : [ 1, 1, 1 ],
      "number_of_time_steps" : 20,
      "number_of_vertices" : 1,
      "offset" : [ 0, 0, 0 ],
      "repeat_mode" : "NONE",
      "scale_factors" : [ 150, 20, 20 ]
   },
   "positions" : {
      "0" : [ -8, -32.75849914550781, -389.0650024414063 ],
      "1" : [ -8, -58.68534088134766, -386.2076416015625 ],
      "10" : [ -8, -334.9534301757813, -209.236572265625 ],
      "11" : [ -8, -334.0489501953125, -211.2923736572266 ],
      "12" : [ -8, -330.6744689941406, -215.1563110351563 ],
      "13" : [ -8, -324.3960571289063, -222.4060516357422 ],
      "14" : [ -8, -308.9821166992188, -241.2449951171875 ],
      "15" : [ -8, -278.2615661621094, -274.8941955566406 ],
      "16" : [ -8, -239.6957855224609, -307.3260498046875 ],
      "17" : [ -8, -190.0884246826172, -338.8760375976563 ],
      "18" : [ -8, -125.9668426513672, -367.1873779296875 ],
      "19" : [ -8, -50.90299987792969, -385.4549865722656 ],
      "2" : [ -8, -89.03471374511719, -380.4313049316406 ],
      "3" : [ -8, -126.1984176635742, -369.7694702148438 ],
      "4" : [ -8, -166.8957824707031, -353.4615783691406 ],
      "5" : [ -8, -205.0584259033203, -333.067626953125 ],
      "6" : [ -8, -240.8371124267578, -308.8568420410156 ],
      "7" : [ -8, -277.2252502441406, -277.9131469726563 ],
      "8" : [ -8, -308.7850036621094, -243.8405303955078 ],
      "9" : [ -8, -327.2642211914063, -219.7223663330078 ]
   },
   "scale" : {
      "0" : [ 1, 1, 1 ],
      "1" : [ 0.9999661445617676, 0.9999661445617676, 0.9999661445617676 ],
      "10" : [ 0.9999953508377075, 0.9999953508377075, 0.9999953508377075 ],
      "11" : [ 0.9999933242797852, 0.9999933242797852, 0.9999933242797852 ],
      "12" : [ 1, 1, 1 ],
      "13" : [ 0.999962329864502, 0.999962329864502, 0.999962329864502 ],
      "14" : [ 0.9998607635498047, 0.9998607635498047, 0.9998607635498047 ],
      "15" : [ 0.9997031092643738, 0.9997031092643738, 0.9997031092643738 ],
      "16" : [ 0.9997238516807556, 0.9997238516807556, 0.9997238516807556 ],
      "17" : [ 0.9997079372406006, 0.9997079372406006, 0.9997079372406006 ],
      "18" : [ 0.9997890591621399, 0.9997890591621399, 0.9997890591621399 ],
      "19" : [ 1, 1, 1 ],
      "2" : [ 0.999904990196228, 0.999904990196228, 0.999904990196228 ],
      "3" : [ 0.9998123645782471, 0.9998123645782471, 0.9998123645782471 ],
      "4" : [ 0.9997377991676331, 0.9997377991676331, 0.9997377991676331 ],
      "5" : [ 0.9997451901435852, 0.9997451901435852, 0.9997451901435852 ],
      "6" : [ 0.9996317625045776, 0.9996317625045776, 0.9996317625045776 ],
      "7" : [ 0.9995841979980469, 0.9995841979980469, 0.9995841979980469 ],
      "8" : [ 0.9996771216392517, 0.9996771216392517, 0.9996771216392517 ],
      "9" : [ 0.9999231696128845, 0.9999231696128845, 0.9999231696128845 ]
   }
}
