{
   "GlyphGeometriesURL" : "right_tibia_6.json",
   "axis1" : {
      "0" : [ 0.9997891783714294, -0.003118989989161491, -0.0202951692044735 ],
      "1" : [ 0.9997894167900085, -0.004456539638340473, -0.02003130502998829 ],
      "10" : [ 0.9997941255569458, -0.01782786659896374, -0.00968644767999649 ],
      "11" : [ 0.9997944831848145, -0.01777318120002747, -0.009754585102200508 ],
      "12" : [ 0.9997936487197876, -0.01767911948263645, -0.01000351365655661 ],
      "13" : [ 0.9997924566268921, -0.01746811717748642, -0.01048299297690392 ],
      "14" : [ 0.9997910857200623, -0.01688014529645443, -0.01152377389371395 ],
      "15" : [ 0.9997904896736145, -0.01536537054926157, -0.01352546084672213 ],
      "16" : [ 0.9997887015342712, -0.01367756444960833, -0.01534335408359766 ],
      "17" : [ 0.9997875690460205, -0.01113746222108603, -0.01734114065766335 ],
      "18" : [ 0.999786913394928, -0.008013070560991764, -0.01902476511895657 ],
      "19" : [ 0.9997875690460205, -0.003957199864089489, -0.02022770047187805 ],
      "2" : [ 0.9997895956039429, -0.006014568731188774, -0.01961246319115162 ],
      "3" : [ 0.9997896552085876, -0.007894989103078842, -0.01892835646867752 ],
      "4" : [ 0.9997898936271667, -0.009969929233193398, -0.01791032217442989 ],
      "5" : [ 0.9997900724411011, -0.0119217736646533, -0.01666382886469364 ],
      "6" : [ 0.9997909069061279, -0.01358826085925102, -0.0152813196182251 ],
      "7" : [ 0.9997919201850891, -0.01528596505522728, -0.01350914034992456 ],
      "8" : [ 0.9997929334640503, -0.0166916698217392, -0.01163840293884277 ],
      "9" : [ 0.9997933506965637, -0.0175565630197525, -0.0102474195882678 ]
   },
   "axis2" : {
      "0" : [ -0.0202952679246664, 0, -0.9997940063476563 ],
      "1" : [ -0.02003150433301926, 0, -0.999799370765686 ],
      "10" : [ 0.01782870292663574, 0.999841034412384, -0 ],
      "11" : [ 0.01777402684092522, 0.9998420476913452, -0 ],
      "12" : [ 0.01768000423908234, 0.9998437166213989, -0 ],
      "13" : [ 0.01746907643973827, 0.999847412109375, -0 ],
      "14" : [ 0.01688126660883427, 0.999857485294342, -0 ],
      "15" : [ 0.01536677684634924, 0.9998819231987, -0 ],
      "16" : [ -0.01534478925168514, 0, -0.9998822808265686 ],
      "17" : [ -0.0173422172665596, 0, -0.9998496174812317 ],
      "18" : [ -0.01902537420392036, 0, -0.9998189806938171 ],
      "19" : [ -0.02022785879671574, 0, -0.9997953772544861 ],
      "2" : [ -0.01961281895637512, 0, -0.9998076558113098 ],
      "3" : [ -0.01892894692718983, 0, -0.9998208284378052 ],
      "4" : [ -0.01791121251881123, 0, -0.9998396039009094 ],
      "5" : [ -0.01666501350700855, 0, -0.9998611211776733 ],
      "6" : [ -0.01528273057192564, 0, -0.999883234500885 ],
      "7" : [ 0.01528736017644405, 0.9998831152915955, -0 ],
      "8" : [ 0.01669280044734478, 0.9998606443405151, -0 ],
      "9" : [ 0.01755748316645622, 0.9998458623886108, -0 ]
   },
   "axis3" : {
      "0" : [ 0.00311834760941565, 0.9999951124191284, -6.330073665594682e-05 ],
      "1" : [ 0.004455645568668842, 0.9999900460243225, -8.927119051804766e-05 ],
      "10" : [ 0.009684908203780651, -0.0001726968039292842, 0.9999530911445618 ],
      "11" : [ 0.00975304376333952, -0.0001733782555675134, 0.9999524354934692 ],
      "12" : [ 0.01000194996595383, -0.0001768621732480824, 0.9999499917030334 ],
      "13" : [ 0.01048139296472073, -0.0001831281988415867, 0.9999450445175171 ],
      "14" : [ 0.01152213104069233, -0.0001945358962984756, 0.9999336004257202 ],
      "15" : [ 0.01352386455982924, -0.0002078427351079881, 0.9999085068702698 ],
      "16" : [ 0.01367595419287682, 0.9999064803123474, -0.000209879333851859 ],
      "17" : [ 0.01113578770309687, 0.9999379515647888, -0.0001931482838699594 ],
      "18" : [ 0.008011620491743088, 0.9999678730964661, -0.0001524516701465473 ],
      "19" : [ 0.003956390544772148, 0.9999921917915344, -8.004568371688947e-05 ],
      "2" : [ 0.006013411562889814, 0.9999819397926331, -0.0001179626488010399 ],
      "3" : [ 0.007893575355410576, 0.9999688267707825, -0.0001494438329245895 ],
      "4" : [ 0.009968329221010208, 0.9999502897262573, -0.0001785735075827688 ],
      "5" : [ 0.01192011777311563, 0.9999289512634277, -0.0001986765273613855 ],
      "6" : [ 0.01358667388558388, 0.9999076724052429, -0.0002076657256111503 ],
      "7" : [ 0.01350756175816059, -0.0002065190928988159, 0.9999087452888489 ],
      "8" : [ 0.01163678150624037, -0.0001942775415955111, 0.9999322891235352 ],
      "9" : [ 0.01024584006518126, -0.0001799189049052075, 0.9999474883079529 ]
   },
   "metadata" : {
      "MorphColours" : false,
      "MorphVertices" : true,
      "base_size" : [ 1, 1, 1 ],
      "number_of_time_steps" : 20,
      "number_of_vertices" : 1,
      "offset" : [ 0, 0, 0 ],
      "repeat_mode" : "NONE",
      "scale_factors" : [ 150, 20, 20 ]
   },
   "positions" : {
      "0" : [ -8, -32.75849914550781, -389.0650024414063 ],
      "1" : [ -8, -58.68534088134766, -386.2076416015625 ],
      "10" : [ -8, -334.9534301757813, -209.236572265625 ],
      "11" : [ -8, -334.0489501953125, -211.2923736572266 ],
      "12" : [ -8, -330.6744689941406, -215.1563110351563 ],
      "13" : [ -8, -324.3960571289063, -222.4060516357422 ],
      "14" : [ -8, -308.9821166992188, -241.2449951171875 ],
      "15" : [ -8, -278.2615661621094, -274.8941955566406 ],
      "16" : [ -8, -239.6957855224609, -307.3260498046875 ],
      "17" : [ -8, -190.0884246826172, -338.8760375976563 ],
      "18" : [ -8, -125.9668426513672, -367.1873779296875 ],
      "19" : [ -8, -50.90299987792969, -385.4549865722656 ],
      "2" : [ -8, -89.03471374511719, -380.4313049316406 ],
      "3" : [ -8, -126.1984176635742, -369.7694702148438 ],
      "4" : [ -8, -166.8957824707031, -353.4615783691406 ],
      "5" : [ -8, -205.0584259033203, -333.067626953125 ],
      "6" : [ -8, -240.8371124267578, -308.8568420410156 ],
      "7" : [ -8, -277.2252502441406, -277.9131469726563 ],
      "8" : [ -8, -308.7850036621094, -243.8405303955078 ],
      "9" : [ -8, -327.2642211914063, -219.7223663330078 ]
   },
   "scale" : {
      "0" : [ 1, 1, 1 ],
      "1" : [ 1, 1, 1 ],
      "10" : [ 1, 1, 1 ],
      "11" : [ 1, 1, 1 ],
      "12" : [ 1, 1, 1 ],
      "13" : [ 1, 1, 1 ],
      "14" : [ 0.9999999403953552, 0.9999999403953552, 0.9999999403953552 ],
      "15" : [ 0.9999998807907104, 0.9999998807907104, 0.9999998807907104 ],
      "16" : [ 0.9999998807907104, 0.9999998807907104, 0.9999998807907104 ],
      "17" : [ 0.9999998807907104, 0.9999998807907104, 0.9999998807907104 ],
      "18" : [ 0.9999999403953552, 0.9999999403953552, 0.9999999403953552 ],
      "19" : [ 1, 1, 1 ],
      "2" : [ 0.9999999403953552, 0.9999999403953552, 0.9999999403953552 ],
      "3" : [ 0.9999999403953552, 0.9999999403953552, 0.9999999403953552 ],
      "4" : [ 0.9999998807907104, 0.9999998807907104, 0.9999998807907104 ],
      "5" : [ 0.9999999403953552, 0.9999999403953552, 0.9999999403953552 ],
      "6" : [ 0.9999998211860657, 0.9999998211860657, 0.9999998211860657 ],
      "7" : [ 0.9999998211860657, 0.9999998211860657, 0.9999998211860657 ],
      "8" : [ 0.9999998211860657, 0.9999998211860657, 0.9999998211860657 ],
      "9" : [ 0.9999999403953552, 0.9999999403953552, 0.9999999403953552 ]
   }
}
