{"farPlane": 1726.78, "nearPlane": 4.83196, "upVector": [0.217583, 0.152671, -0.964028], "targetPosition": [ 4.41712, 7.8208, 115.947], "eyePosition": [ -446.961, -114.755, -5.34199]}