{"farPlane": 6.87267, "nearPlane": 0.169322, "upVector": [-1.0, 0, 0], "targetPosition": [ 0.498802, 0.5, 0.499119], "eyePosition": [0.498802, 3.88645, 0.499119]}