{
	"metadata" : {
		"formatVersion" : 3,
		"description" : "Exported from LibZinc."
	},

	"materials" : [ {
	"DbgColor" : 15658734,
	"DbgIndex" : 0,
	"DbgName" : "my_material",
	"colorDiffuse" : [1, 1, 1],
	"colorSpecular" : [0.5, 0.5, 0.5],
	"shading" : "Phong",
	"specularCoef" : 0,
	"opacity" : 1,
	"vertexColors" : true
	}],

	"vertices" : [
		0.000000,0.000000,0.0,0.100000,0.000000,0.0,0.200000,0.000000,0.0,0.300000,0.000000,0.0,0.400000,0.000000,0.0,0.500000,0.000000,0.0,0.600000,0.000000,0.0,0.700000,0.000000,0.0,0.800000,0.000000,0.0,0.900000,0.000000,0.0,
		1.000000,0.000000,0.0,0.000000,0.100000,0.0,0.100000,0.100000,0.0,0.200000,0.100000,0.0,0.300000,0.100000,0.0,0.400000,0.100000,0.0,0.500000,0.100000,0.0,0.600000,0.100000,0.0,0.700000,0.100000,0.0,0.800000,0.100000,0.0,
		0.900000,0.100000,0.0,0.000000,0.200000,0.0,0.100000,0.200000,0.0,0.200000,0.200000,0.0,0.300000,0.200000,0.0,0.400000,0.200000,0.0,0.500000,0.200000,0.0,0.600000,0.200000,0.0,0.700000,0.200000,0.0,0.800000,0.200000,0.0,
		0.000000,0.300000,0.0,0.100000,0.300000,0.0,0.200000,0.300000,0.0,0.300000,0.300000,0.0,0.400000,0.300000,0.0,0.500000,0.300000,0.0,0.600000,0.300000,0.0,0.700000,0.300000,0.0,0.000000,0.400000,0.0,0.100000,0.400000,0.0,
		0.200000,0.400000,0.0,0.300000,0.400000,0.0,0.400000,0.400000,0.0,0.500000,0.400000,0.0,0.600000,0.400000,0.0,0.000000,0.500000,0.0,0.100000,0.500000,0.0,0.200000,0.500000,0.0,0.300000,0.500000,0.0,0.400000,0.500000,0.0,
		0.500000,0.500000,0.0,0.000000,0.600000,0.0,0.100000,0.600000,0.0,0.200000,0.600000,0.0,0.300000,0.600000,0.0,0.400000,0.600000,0.0,0.000000,0.700000,0.0,0.100000,0.700000,0.0,0.200000,0.700000,0.0,0.300000,0.700000,0.0,
		0.000000,0.800000,0.0,0.100000,0.800000,0.0,0.200000,0.800000,0.0,0.000000,0.900000,0.0,0.100000,0.900000,0.0,0.000000,1.000000,0.0
	],

	"colors" : [
		16711680,16740096,16763392,16772864,12713749,5439290,2228125,64511,55039,37887,
		9471,16741120,16763648,16773120,12451606,5177147,2162592,63999,54527,37119,
		8447,16763904,16773376,12254999,4980540,2031524,63743,54271,36095,7679,
		16773632,11992856,4718397,1965992,63487,54015,35071,6655,11796249,4456255,
		1900459,63231,53759,34303,5887,4259648,1834927,62975,53503,33279,
		4863,1703859,62463,52991,32511,3839,62207,52735,31487,3071,
		52479,30463,2047,29695,1279,255
	],

	"normals" : [
		0.000000,0.000000,1.000000,0.000000,0.000000,1.000000,0.000000,0.000000,1.000000,0.000000,0.000000,1.000000,0.000000,0.000000,1.000000,0.000000,0.000000,1.000000,0.000000,0.000000,1.000000,0.000000,0.000000,1.000000,0.000000,0.000000,1.000000,0.000000,0.000000,1.000000,
		0.000000,0.000000,1.000000,0.000000,0.000000,1.000000,0.000000,0.000000,1.000000,0.000000,0.000000,1.000000,0.000000,0.000000,1.000000,0.000000,0.000000,1.000000,0.000000,0.000000,1.000000,0.000000,0.000000,1.000000,0.000000,0.000000,1.000000,0.000000,0.000000,1.000000,
		0.000000,0.000000,1.000000,0.000000,0.000000,1.000000,0.000000,0.000000,1.000000,0.000000,0.000000,1.000000,0.000000,0.000000,1.000000,0.000000,0.000000,1.000000,0.000000,0.000000,1.000000,0.000000,0.000000,1.000000,0.000000,0.000000,1.000000,0.000000,0.000000,1.000000,
		0.000000,0.000000,1.000000,0.000000,0.000000,1.000000,0.000000,0.000000,1.000000,0.000000,0.000000,1.000000,0.000000,0.000000,1.000000,0.000000,0.000000,1.000000,0.000000,0.000000,1.000000,0.000000,0.000000,1.000000,0.000000,0.000000,1.000000,0.000000,0.000000,1.000000,
		0.000000,0.000000,1.000000,0.000000,0.000000,1.000000,0.000000,0.000000,1.000000,0.000000,0.000000,1.000000,0.000000,0.000000,1.000000,0.000000,0.000000,1.000000,0.000000,0.000000,1.000000,0.000000,0.000000,1.000000,0.000000,0.000000,1.000000,0.000000,0.000000,1.000000,
		0.000000,0.000000,1.000000,0.000000,0.000000,1.000000,0.000000,0.000000,1.000000,0.000000,0.000000,1.000000,0.000000,0.000000,1.000000,0.000000,0.000000,1.000000,0.000000,0.000000,1.000000,0.000000,0.000000,1.000000,0.000000,0.000000,1.000000,0.000000,0.000000,1.000000,
		0.000000,0.000000,1.000000,0.000000,0.000000,1.000000,0.000000,0.000000,1.000000,0.000000,0.000000,1.000000,0.000000,0.000000,1.000000,0.000000,0.000000,1.000000
	],

	"faces": [
		160 ,0,1,11 ,0,1,11 ,0,1,11,
		160 ,11,1,12 ,11,1,12 ,11,1,12,
		160 ,11,12,21 ,11,12,21 ,11,12,21,
		160 ,21,12,22 ,21,12,22 ,21,12,22,
		160 ,21,22,30 ,21,22,30 ,21,22,30,
		160 ,30,22,31 ,30,22,31 ,30,22,31,
		160 ,30,31,38 ,30,31,38 ,30,31,38,
		160 ,38,31,39 ,38,31,39 ,38,31,39,
		160 ,38,39,45 ,38,39,45 ,38,39,45,
		160 ,45,39,46 ,45,39,46 ,45,39,46,
		160 ,45,46,51 ,45,46,51 ,45,46,51,
		160 ,51,46,52 ,51,46,52 ,51,46,52,
		160 ,51,52,56 ,51,52,56 ,51,52,56,
		160 ,56,52,57 ,56,52,57 ,56,52,57,
		160 ,56,57,60 ,56,57,60 ,56,57,60,
		160 ,60,57,61 ,60,57,61 ,60,57,61,
		160 ,60,61,63 ,60,61,63 ,60,61,63,
		160 ,63,61,64 ,63,61,64 ,63,61,64,
		160 ,63,64,65 ,63,64,65 ,63,64,65,
		160 ,1,2,12 ,1,2,12 ,1,2,12,
		160 ,12,2,13 ,12,2,13 ,12,2,13,
		160 ,12,13,22 ,12,13,22 ,12,13,22,
		160 ,22,13,23 ,22,13,23 ,22,13,23,
		160 ,22,23,31 ,22,23,31 ,22,23,31,
		160 ,31,23,32 ,31,23,32 ,31,23,32,
		160 ,31,32,39 ,31,32,39 ,31,32,39,
		160 ,39,32,40 ,39,32,40 ,39,32,40,
		160 ,39,40,46 ,39,40,46 ,39,40,46,
		160 ,46,40,47 ,46,40,47 ,46,40,47,
		160 ,46,47,52 ,46,47,52 ,46,47,52,
		160 ,52,47,53 ,52,47,53 ,52,47,53,
		160 ,52,53,57 ,52,53,57 ,52,53,57,
		160 ,57,53,58 ,57,53,58 ,57,53,58,
		160 ,57,58,61 ,57,58,61 ,57,58,61,
		160 ,61,58,62 ,61,58,62 ,61,58,62,
		160 ,61,62,64 ,61,62,64 ,61,62,64,
		160 ,2,3,13 ,2,3,13 ,2,3,13,
		160 ,13,3,14 ,13,3,14 ,13,3,14,
		160 ,13,14,23 ,13,14,23 ,13,14,23,
		160 ,23,14,24 ,23,14,24 ,23,14,24,
		160 ,23,24,32 ,23,24,32 ,23,24,32,
		160 ,32,24,33 ,32,24,33 ,32,24,33,
		160 ,32,33,40 ,32,33,40 ,32,33,40,
		160 ,40,33,41 ,40,33,41 ,40,33,41,
		160 ,40,41,47 ,40,41,47 ,40,41,47,
		160 ,47,41,48 ,47,41,48 ,47,41,48,
		160 ,47,48,53 ,47,48,53 ,47,48,53,
		160 ,53,48,54 ,53,48,54 ,53,48,54,
		160 ,53,54,58 ,53,54,58 ,53,54,58,
		160 ,58,54,59 ,58,54,59 ,58,54,59,
		160 ,58,59,62 ,58,59,62 ,58,59,62,
		160 ,3,4,14 ,3,4,14 ,3,4,14,
		160 ,14,4,15 ,14,4,15 ,14,4,15,
		160 ,14,15,24 ,14,15,24 ,14,15,24,
		160 ,24,15,25 ,24,15,25 ,24,15,25,
		160 ,24,25,33 ,24,25,33 ,24,25,33,
		160 ,33,25,34 ,33,25,34 ,33,25,34,
		160 ,33,34,41 ,33,34,41 ,33,34,41,
		160 ,41,34,42 ,41,34,42 ,41,34,42,
		160 ,41,42,48 ,41,42,48 ,41,42,48,
		160 ,48,42,49 ,48,42,49 ,48,42,49,
		160 ,48,49,54 ,48,49,54 ,48,49,54,
		160 ,54,49,55 ,54,49,55 ,54,49,55,
		160 ,54,55,59 ,54,55,59 ,54,55,59,
		160 ,4,5,15 ,4,5,15 ,4,5,15,
		160 ,15,5,16 ,15,5,16 ,15,5,16,
		160 ,15,16,25 ,15,16,25 ,15,16,25,
		160 ,25,16,26 ,25,16,26 ,25,16,26,
		160 ,25,26,34 ,25,26,34 ,25,26,34,
		160 ,34,26,35 ,34,26,35 ,34,26,35,
		160 ,34,35,42 ,34,35,42 ,34,35,42,
		160 ,42,35,43 ,42,35,43 ,42,35,43,
		160 ,42,43,49 ,42,43,49 ,42,43,49,
		160 ,49,43,50 ,49,43,50 ,49,43,50,
		160 ,49,50,55 ,49,50,55 ,49,50,55,
		160 ,5,6,16 ,5,6,16 ,5,6,16,
		160 ,16,6,17 ,16,6,17 ,16,6,17,
		160 ,16,17,26 ,16,17,26 ,16,17,26,
		160 ,26,17,27 ,26,17,27 ,26,17,27,
		160 ,26,27,35 ,26,27,35 ,26,27,35,
		160 ,35,27,36 ,35,27,36 ,35,27,36,
		160 ,35,36,43 ,35,36,43 ,35,36,43,
		160 ,43,36,44 ,43,36,44 ,43,36,44,
		160 ,43,44,50 ,43,44,50 ,43,44,50,
		160 ,6,7,17 ,6,7,17 ,6,7,17,
		160 ,17,7,18 ,17,7,18 ,17,7,18,
		160 ,17,18,27 ,17,18,27 ,17,18,27,
		160 ,27,18,28 ,27,18,28 ,27,18,28,
		160 ,27,28,36 ,27,28,36 ,27,28,36,
		160 ,36,28,37 ,36,28,37 ,36,28,37,
		160 ,36,37,44 ,36,37,44 ,36,37,44,
		160 ,7,8,18 ,7,8,18 ,7,8,18,
		160 ,18,8,19 ,18,8,19 ,18,8,19,
		160 ,18,19,28 ,18,19,28 ,18,19,28,
		160 ,28,19,29 ,28,19,29 ,28,19,29,
		160 ,28,29,37 ,28,29,37 ,28,29,37,
		160 ,8,9,19 ,8,9,19 ,8,9,19,
		160 ,19,9,20 ,19,9,20 ,19,9,20,
		160 ,19,20,29 ,19,20,29 ,19,20,29,
		160 ,9,10,20 ,9,10,20 ,9,10,20
	]

}
