{"farPlane": 0.107255, "nearPlane": 5.268112, "upVector": [ -0.236346, 0.676845, 0.697152], "targetPosition": [ 0.476201, 0.496491, 0.0], "eyePosition": [0.915320, -0.933630, 1.537331]}