{"farPlane": 0.0288485, "nearPlane": 10.3095, "upVector": [ -0.236346, 0.676845, 0.697152], "targetPosition": [ 0.390842, 0.457097, -0.0467995], "eyePosition": [0.981395, -1.46621, 2.02069]}